INSERT INTO philosopher(id, name, description) VALUES (20001, 'Aristotle', 'A philosopher, scientist, historian and the teacher of Alexandre the Great, Aristotles teachings remain immensly influential in our cultlure.');
INSERT INTO philosopher(id, name, description) VALUES (20002, 'Socrates', 'The father of philosophy as we know it!');
INSERT INTO philosopher(id, name, description) VALUES (20003, 'Protagoras', 'A sophist philosopher and a contemporary of Plato. A daring relativist who opted to blade run the ethical dilemmas of human condition while irreputable truths were still a norm.');
INSERT INTO philosopher(id, name, description) VALUES (20004, 'St.Augustine', 'A prominent theologician and one of the most respected fathers of the Christian church.');
INSERT INTO philosopher(id, name, description) VALUES (20005, 'Plato', 'A student of Socrates, an idealist and a hater of women. His ideal of state system was a caste-based dictatorship. His most prominent legacy is a a notion of this world being build as a reflection of a perfect world of ideas, or pattern for all things present. Still can be traced in various ways of thinking in modern culture.');
INSERT INTO philosopher(id, name, description) VALUES (20006, 'Nietzsche', 'The first nihilist and god hater. Invented the ubermensch and inspired Wagner and Hitler alike.');
INSERT INTO philosopher(id, name, description) VALUES (20007, 'Kant', 'A German classic philosopher to whom we owe many ideas that inspired the Declaration of Human rights. Kant saw reason as the main unifying characteristic of human species. Ethics were in direct connecion with reason and its logical outcome. Made an important contribution to the theory of cognition and science by his notion of ding an sich, a true natural object that we cannot penetrate but only learn by proxy, by a mental construct due to our physical limitations.');
INSERT INTO philosopher(id, name, description) VALUES (20008, 'Heidegger', 'One of the most influential philosophers of the past century. Concentrated not on the objectivity of the external world but on its perception, without subjectivism. Collaborated with the nazi regime.');
INSERT INTO philosopher(id, name, description) VALUES (20009, 'Descartes', 'The father of modern science, Descartes was the first to emancipate cognition and scientific method from theology.');
INSERT INTO philosopher(id, name, description) VALUES (20010, 'Spinoza', 'One of the first truly modern thinkers. Promoted freedom of thought in his work, e.g. Tractatus Politologico, and his way of life by being religiously neutral in 17-century Holland. Inspired a.o. the deep ecology movement.');
INSERT INTO philosopher(id, name, description) VALUES (20011, 'Sartre', 'The most prominent existential philosopher, Sartre helped promoting most radical and forward-thinking social projects of his time, like female emancipation, civil rights, global peace etc. Many of his works are written in a form of a play.');
INSERT INTO philosopher(id, name, description) VALUES (20012, 'Karl Marx', 'If not a most elaborate thinker, Marx certainly remain one of the most influential so far. The father of communism and an excellent economy theoritician.');
INSERT INTO categories(philosopher_id, category_id) VALUES (20001, 'METAPHYSICS');
INSERT INTO categories(philosopher_id, category_id) VALUES (20001, 'EPISTEMOLOGY');
INSERT INTO categories(philosopher_id, category_id) VALUES (20001, 'ETHICS');
INSERT INTO categories(philosopher_id, category_id) VALUES (20001, 'ESTHETICS');
INSERT INTO categories(philosopher_id, category_id) VALUES (20003, 'METAPHYSICS');
INSERT INTO categories(philosopher_id, category_id) VALUES (20004, 'ETHICS');
INSERT INTO categories(philosopher_id, category_id) VALUES (20004, 'THEOLOGY');
INSERT INTO categories(philosopher_id, category_id) VALUES (20005, 'EPISTEMOLOGY');
INSERT INTO categories(philosopher_id, category_id) VALUES (20005, 'ETHICS');
INSERT INTO categories(philosopher_id, category_id) VALUES (20005, 'ESTHETICS');
INSERT INTO categories(philosopher_id, category_id) VALUES (20005, 'METAPHYSICS');
INSERT INTO categories(philosopher_id, category_id) VALUES (20005, 'POLITICS');
INSERT INTO categories(philosopher_id, category_id) VALUES (20006, 'ETHICS');
INSERT INTO categories(philosopher_id, category_id) VALUES (20007, 'METAPHYSICS');
INSERT INTO categories(philosopher_id, category_id) VALUES (20007, 'EPISTEMOLOGY');
INSERT INTO categories(philosopher_id, category_id) VALUES (20007, 'ETHICS');
INSERT INTO categories(philosopher_id, category_id) VALUES (20007, 'ESTHETICS');
INSERT INTO categories(philosopher_id, category_id) VALUES (20008, 'EPISTEMOLOGY');
INSERT INTO categories(philosopher_id, category_id) VALUES (20009, 'METAPHYSICS');
INSERT INTO categories(philosopher_id, category_id) VALUES (20009, 'EPISTEMOLOGY');
INSERT INTO categories(philosopher_id, category_id) VALUES (20010, 'METAPHYSICS');
INSERT INTO categories(philosopher_id, category_id) VALUES (20010, 'EPISTEMOLOGY');
INSERT INTO categories(philosopher_id, category_id) VALUES (20010, 'ETHICS');
INSERT INTO categories(philosopher_id, category_id) VALUES (20011, 'EPISTEMOLOGY');
INSERT INTO categories(philosopher_id, category_id) VALUES (20011, 'ETHICS');
INSERT INTO categories(philosopher_id, category_id) VALUES (20011, 'POLITICS');
INSERT INTO categories(philosopher_id, category_id) VALUES (20012, 'EPISTEMOLOGY');
INSERT INTO categories(philosopher_id, category_id) VALUES (20012, 'POLITICS');
INSERT INTO quote(id, text, PHILOSOPHER_ID) VALUES (10001, 'Happiness is the highest good.', 20001);
INSERT INTO quote(id, text, PHILOSOPHER_ID) VALUES (10002, 'Plato is a friend but Truth is a better friend.', 20001);
INSERT INTO quote(id, text, PHILOSOPHER_ID) VALUES (10003, 'The only thing I know is that I know nothing', 20002);
INSERT INTO quote(id, text, PHILOSOPHER_ID) VALUES (10004, 'Man is the measure of all things.', 20003);
INSERT INTO quote(id, text, PHILOSOPHER_ID) VALUES (10005, 'We are too weak to discover the truth by reason alone', 20004);
INSERT INTO quote(id, text, PHILOSOPHER_ID) VALUES (10006, 'God is dead! He remains dead! And we have killed him.', 20006);
INSERT INTO quote(id, text, PHILOSOPHER_ID) VALUES (10007, 'You can discover more about a person in an hour of play than in a year of conversation.', 20005);
INSERT INTO quote(id, text, PHILOSOPHER_ID) VALUES (10008, 'Happiness is not an ideal of reason but of imagination.', 20007);
INSERT INTO quote(id, text, PHILOSOPHER_ID) VALUES (10009, 'He who thinks great thoughts, often makes great errors.', 20008);
INSERT INTO quote(id, text, PHILOSOPHER_ID) VALUES (10010, 'Cogito ergo sum.', 20009);
INSERT INTO quote(id, text, PHILOSOPHER_ID) VALUES (10011, 'I can control my passions and emotions if I can understand their nature.', 20010);
INSERT INTO quote(id, text, PHILOSOPHER_ID) VALUES (10012, 'Everything that exists is born for no reason, carries on living through weakness, and dies by accident.', 20011);
INSERT INTO quote(id, text, PHILOSOPHER_ID) VALUES (10013, 'Philosophers have hitherto only interpreted the world in various ways; the point, however, is to change it.', 20012);
INSERT INTO quote(id, text, PHILOSOPHER_ID) VALUES (10014, 'Religion is the sign of the oppressed ... it is the opium of the people.', 20012);
INSERT INTO topic(id, text) VALUES (30001, 'truth');
INSERT INTO topic(id, text) VALUES (30002, 'morals');
INSERT INTO topic(id, text) VALUES (30003, 'cognition');
INSERT INTO topic(id, text) VALUES (30004, 'religion');
INSERT INTO topic(id, text) VALUES (30005, 'politics');
INSERT INTO topic(id, text) VALUES (30006, 'human condition');
INSERT INTO topic(id, text) VALUES (30007, 'general');
INSERT INTO quote_topic(QUOTE_ID, TOPIC_ID) VALUES (10001, 30002);
INSERT INTO quote_topic(QUOTE_ID, TOPIC_ID) VALUES (10002, 30001);
INSERT INTO quote_topic(QUOTE_ID, TOPIC_ID) VALUES (10003, 30003);
INSERT INTO quote_topic(QUOTE_ID, TOPIC_ID) VALUES (10003, 30001);
INSERT INTO quote_topic(QUOTE_ID, TOPIC_ID) VALUES (10004, 30003);
INSERT INTO quote_topic(QUOTE_ID, TOPIC_ID) VALUES (10004, 30002);
INSERT INTO quote_topic(QUOTE_ID, TOPIC_ID) VALUES (10005, 30003);
INSERT INTO quote_topic(QUOTE_ID, TOPIC_ID) VALUES (10005, 30001);
INSERT INTO quote_topic(QUOTE_ID, TOPIC_ID) VALUES (10006, 30004);
INSERT INTO quote_topic(QUOTE_ID, TOPIC_ID) VALUES (10006, 30002);
INSERT INTO quote_topic(QUOTE_ID, TOPIC_ID) VALUES (10007, 30003);
INSERT INTO quote_topic(QUOTE_ID, TOPIC_ID) VALUES (10008, 30002);
INSERT INTO quote_topic(QUOTE_ID, TOPIC_ID) VALUES (10009, 30007);
INSERT INTO quote_topic(QUOTE_ID, TOPIC_ID) VALUES (10010, 30003);
INSERT INTO quote_topic(QUOTE_ID, TOPIC_ID) VALUES (10011, 30002);
INSERT INTO quote_topic(QUOTE_ID, TOPIC_ID) VALUES (10012, 30006);
INSERT INTO quote_topic(QUOTE_ID, TOPIC_ID) VALUES (10013, 30005);
INSERT INTO quote_topic(QUOTE_ID, TOPIC_ID) VALUES (10014, 30004);